date,place,state,agency,decision,source_domain,source_url,headline,origin
2026-09-29,East Greenwich,RI,State Police,Paused,upriseri.com,https://news.google.com/rss/articles/CBMivwFBVV95cUxQZTM4aE55MmxlLXhKdTNRRVIwTmczN0FLbjY2V3ptNnJoSmktNjlGRWtXNmpDLXpIRFdHQkNhUHZBZThWbWR1NnQzMVIzV3RLdWFpQ3YtcU1jNUJsM1A2bmdfTGx4N0FNZnJpaENWNHE0ZFlBSU9UMHlCcVVfSmdHRXZsb3FGR0JWZ2lfaXUyaUEzTlF1NHNJVDFjak9qbjhMUkZGVGh3bkwwZTZSMmdSVk5HZnNfQ21aeHpTMm44QQ?oc=5,State Police Turn Off Three Flock License-Plate Cameras in East Greenwich After Town Objects,news
2026-09-29,Milwaukee County,WI,County committee,Canceled,tmj4.com,https://news.google.com/rss/articles/CBMizwFBVV95cUxPRXRyMEQ5S0VmUTdwM1pUOGpIaFdKQ2QzdlpjRTNubGVIMXplcXo1cWFkRU9wdl9pLWJ5SmpOY3hLYWFMUGVJZ0J2dFYwZVZhUUtCSy03d3NIdzJCMWg0ZzUxSnlsX1g2M3d1QzEzaTRrSFdoS0lmSDJmRVF5RGdQMGVUU0FYSmswakM5dmxRU3NlUE12bkU1SC1BYms1SEtiRGRtclVzeGxGSUIyZmxZcEdaV3BHR1ZYWmF1SlNDZTkzVzNzZld2WlhjTFFUSkk?oc=5,Milwaukee Co. committee backs removing Flock cameras from parks,news
2026-09-29,South Lyon,MI,South Lyon Police Department,Not renewed,detroitnews.com,https://news.google.com/rss/articles/CBMi2wFBVV95cUxQNFdKQlJyN2xwWTE2WlpudVRRYzZkaHM3a2UxblVLc0d3M2VFYjV2bEh5bXFJVGFDMHlFV05zUkpwYnBrM2Q0MTdGZXQ1UGxkdEI0OXlBdHg5clhqckFhWEwwYXRyMzgtT0kxNDloc2RBTE9ZdUNYU05heC12Z0NEM1RtdXdpMDJ2MWlQWmk2aFpwMzVBQlpSZWF0RlhpT1YybHkwb2wtN3lxX093a0ZKVzdBbG1ZSi1DeEpVazdYUjNrRnQ3b1Y2ZkJWTXctRjIxNGJyc3UxSl9FSms?oc=5,"South Lyon moves to not renew Flock contract, covers cameras",news
2026-09-29,Port St. Lucie,FL,Port St. Lucie Police Department,Paused,cbs12.com,https://news.google.com/rss/articles/CBMirAJBVV95cUxPQ1RBQVZGYkZrNU1WWjJDTHZNSkMwVjNHczRXZjREem5xeDF2YUpRUzRpWldXNzFBa2J2S3NiZTBnSmVMd1B2a3FraDM4UnpPSU9zSXNHd2ZuU0VOazc2RmVMTmhTSU54ejduS0o0X3h3TllKOVJZb29icDFTWk43UlltTXRqaHU2YXJlMS14Vy1PTk84Ni00RlZYR1k3enNaWFdGZEpOSHMwNWtjb1NDMUpaWVJYRlBVSEZiTlFtel9zRTg1M0xuMTJQLUZQcWxTS3ZTOUF3TUpnMDhFX25lVXNjdTNaTEI5OXVFSjVpX01IU2RsTzd2R3FrZDEyNmNiZWEyZEhPRWdJa0lybHZpWGkwOUUwcjYtOG9UcGV3UVZjSGFDN0xzd3IxRkw?oc=5,Port St. Lucie pauses Flock program; 18 cameras set for removal Sept. 30,news
2026-09-29,San Francisco,CA,,Voted to keep,sfchronicle.com,https://news.google.com/rss/articles/CBMigwFBVV95cUxOSkNCSE5WbTAxSU5zbjZ6RUczTW5CdUpVYzhTQnJtRWZmeHg4bDVCNWxzbXVid0N3a2tIdnRmSE9RVmo0SkkyRmx3VjM1RjlsVGNmckFaZWhDa3U5a0dIUm1UakNWOXV6NDlmSnVCLTA1NTl4Y2dEN0FZWjJZWDJkQXdvbw?oc=5,"As S.F. sticks with Flock cameras, mayor to put ‘tighter’ limits on license plate scans",news
2026-09-28,Hartland,NY,Town of Hartland,Canceled,wkbw.com,https://news.google.com/rss/articles/CBMisAFBVV95cUxONTRDbHRNenVicVltWTVPQkFSSTNYdlpwM2I5dWN2bFJqU2MxNHEtdTRPZm9GSk0zUS1YWmtmZ1BBdkxmRldXRGFjQmhQWEt6YzJMSmlEczdfRXJJUTJMZTA3QkEyVjl1TWJMQ3BLT0tvM1B4LWZBSzBCM3dzNTdGeGtoeUszcHZLM0thZjJ5TTd3NEg0Q1hDY1BKY3JzQ3F3VlE3NlRKM3NWQTktSlNmSQ?oc=5,‘New tools need scrutinized’: Town of Hartland orders removal of Flock Cameras,news
2026-09-28,Augusta County,VA,Augusta County Sheriff's Office,Canceled,newsleader.com,https://news.google.com/rss/articles/CBMivAFBVV95cUxNX3NEVWg4WEpXSk9YSjh0c1JUWHcwZkM5MWNlaEtiaTlxQm4zOXpiUTczWnhTWmt5TG84SlB0Q05uSWhyenZaTXk2U05weEVxZTdEVE1oMEFSYmxQY0hlNm9BUG5LcmRRN1pndmsxVzkybm43QXVZU3NoNW5Yc2o2R0ozZW9mVF9HWEQzX2RqLUdFMzhjYlcyZWZkSVhxZmU2Xzh5SWUtelBqMmU1QmZQTk9vTXVNZXZCMWtEbQ?oc=5,Augusta County removes Flock Safety cameras,news
2026-09-28,Dutchess County,NY,Dutchess County DA And Sheriff,Canceled,wpdh.com,https://news.google.com/rss/articles/CBMicEFVX3lxTE8zaFpTLWQweWVPWXlTTFFqT3NuV2dta2VVSTRDWU5HTi1QTXg0U1djamg1N3ZuT0lvdnNIbXRMXy1HU2JibHRDc3A5akVSZThYeVdQVXVBWHl2clhoVHlON3NrNVNLZFU0eFBPVUJXckM?oc=5,Dutchess County DA And Sheriff End Flock Safety License Plate Reader Program After Community Pushback,news
2026-09-28,Manitowoc,WI,Manitowoc,Not renewed,foxcarolina.com,https://news.google.com/rss/articles/CBMikwFBVV95cUxOMDJzZk1zTXFJRHNoUV9fOHFJSk5yTWxOLTRFWjJGMzQ1QTYwa3RoTTZnTUJaZ0hqNzhJNUctVWoyLTYxMHVxLTc3aVM0bEl5ZkwzclRqMDJkWkk4b3NqYXZ1OVEyLW9ra2ZUWXU4U1lHWmJnVmVoU3lUV2IwRko2ZWo3Wmh0Z2szWEpINGRnOW5FVlE?oc=5,Manitowoc won't renew Flock cameras contract,news
2026-09-27,Dallas,TX,Dallas,Paused,dallasexpress.com,https://news.google.com/rss/articles/CBMipAFBVV95cUxQdlZhMFUwejJaX3Rab0g3cERILWd6RTBIUHVUMnZpMVRSVlpoSkNGOXkydnNndHZzMnc0R2gtUTZGc0lhT29DUURoRUQ1UEZsRE9CV3Z0bVp3QVZLbUwtbXdfM3AtY0NXeVpEUGJxRkNsYWo3dm1RODNtTFZuZkt6SE94U1lEUEZiS3lyTFgzbzFlZk1FcEowNTljcVR6SXNhRjhWMw?oc=5,"Dallas Turns Off 321 Flock Cameras, But Hundreds Keep Watching",news
2026-09-27,Camden,AR,Camden Police Department,Canceled,katv.com,https://news.google.com/rss/articles/CBMilwFBVV95cUxObGZJWE5kTTc0MTMtQ2oyY3FJb2xPWFBsTFNSYm5YbGl6cjBNanhYeDhYZ05wdzgtbnF6NldrWVRfbUsyc3kzS1ZnTFdwQnRob1lKOEFzeklqRHhlU2ZxdloyOFNrZEVKQ1VnWUVvNXlnSUlRRmJ3U1YtcElPYzNCNjZXSUZoTF9UQ2lvZHFXZUpWM1JtV3pz?oc=5,Camden police cancel Flock Safety contract,news
2026-09-26,Stephens County,TX,Stephens County Sheriff's Office,Canceled,breckenridgetexan.com,https://news.google.com/rss/articles/CBMi1gFBVV95cUxNSk0zalRNY0ZYQVVUOUdfcllLeHhxaHVpTVVxQmhZT2h2UzF1T0xidXF0MmZweDM3eXF0NktVajRDRkc4QjJMVXJsZ016SnhNWGJSdkM4V3pMZHBGTkpQVGluTF95dERCSHRicFZXMmNjY3JIVVU4QmZqSllMOGdjdmJwNEhvYnJ5ZElhc2hUSk4yVXNOTElSd0w1Q0tPaDZySzFFM1d0cUprSkxZVkdiaV9ScmdOVWxpN0Z5NXFFWkhXWGpfUmNQRWpKZUZadFJlNnVvd2tR?oc=5,"Stephens County sheriff cancels Flock camera project after governor freezes funding, installations",news
2026-09-25,Franklin County,NC,Franklin County Sheriff's Office,Paused,abc11.com,https://news.google.com/rss/articles/CBMiwgFBVV95cUxPZUFwR0JlbHl4Vkk4VlluSGFWRlJlRXpjek9RZC1MUUFaaGRmREFUTWRCS1h6MGFyZmJncU9yUXdlT1gza1NaY3FXbTZqX2xVLW5Mb3pmclduRU1rdFRmSEVaOWdndDZ1Zk1DeDZVZl95RlBFU1RqdFpuaDVWNzJUcXBPbF9CUko0OFhkYUprT2JiWVZyT2tsYlQwZzB1elQyMl9zaG5IWHh5OFJiY2g5VkdhY2pLQm8wbHpSRWROeVJFdw?oc=5,"Flock cameras' alleged misuse leads to NC deputy being fired, suspension of the system in Franklin County",news
2026-09-25,College Station,TX,College Station City Council,Renewed,kbtx.com,https://news.google.com/rss/articles/CBMimwFBVV95cUxQMlZ3TjJCb25xczA2ZHpGY051QS1sU2J1aEFnM0VoWExTa0NFd2N2XzU2RGp6emIzOFRBQ2FlTzkxci1PS2ROTEJnS05YT2xfZzUzSGxiSWFFUTN3d1BKMzF2VzRsYWpUMWZGbjdrYmdwUVVrX1NWcXpMQXU2T25pd0pKU3lCZnhhMlRybUZwY0NmRHNPNUJXdjVDWdIBrwFBVV95cUxPRjRra0ZON2x4Z0xzOFVaSnhNc3ZHWlJrLVM0Vk9WdzNlMmozdGl2YmlfSlFaRjRYd2FjYlRIQjY4WjBMTDFhUVViUE5NZTlhcGtJcnpRbTEzWWpWT0V4Q3V2a0hrVHdPLWJkY09GbDhMTEFqakgyaTdvbGdCWno2M2ZmVHFZYkpTMnRiVEdBbVdEQXRWNUoyWThfa2JReDRiTmFCeTJLd05wVXV2YklR?oc=5,College Station City Council votes to renew Flock Safety contract,news
2026-09-25,Lorain County,OH,Lorain County,Canceled,oberlinreview.org,https://news.google.com/rss/articles/CBMijAFBVV95cUxQNnFzOGZZdUlQM1V3ZFN4YnRaV0FFRXFwNmY0T0IteW1zOXZVTmVKSXk5WWNsWlVKcVdNd2tJUVVocHE0OE41VUlHUW1PcEFWSWpGNndfVS1jMXZCd1NmOVNPZ2Z3VklpZmk3WmNJeU45WjNiX21QX2E2SUpBVzJaUUE2MzZwOGlQODZtbA?oc=5,Lorain County Terminates Flock Camera Contract,news
2026-09-25,East Lyme,CT,East Lyme Police Department,Paused,wfsb.com,https://news.google.com/rss/articles/CBMikAFBVV95cUxPcTEwbzlPdlU1UjhNY0JWQVRKdkRkV0hOa3RVOUdDc1ZSNXFRaHc5M3VXSk5OTXBXLTZjenBrU0V6WFJvZ3hUS3ZlRVNlS25lMGk3clZURXN1dUl3TGZSQ2g3TFdFT1I2MTZEdHllV204RWR3T1R0bTMwN3Bkamx4eGpvNk1ocEJyRUdFdUtVVzDSAaQBQVVfeXFMTkJ6ZlFpNEJ1dTVMa1VJNUJlalBDY0pyT0psSVBpamZmRWFuVUo4ME5ad19IdWpCWmY4YkFvM0ZqbWY4dWNqdnlvRkt1Zi1RU3RHZDlkMlVxRVhQZDNYTGNVdjRTRFZ0bTdJMEFJX05zem1ZcUR3TWpqdm1SMmctRTFxZlRjcnd1ZUhWVkQzUDU0N05zQlgtb3lrWDBBR1V0b190YVo?oc=5,East Lyme police pause use of Flock license plate readers,news
2026-09-25,Summit County,CO,Summit County government,Voted to keep,kktv.com,https://news.google.com/rss/articles/CBMiswFBVV95cUxNSGJKWHlUMEdzbUR6T0w0UTlhbmZ2XzVUWUo2N0xxVUlyWWxJOHBiU09RVjcyazdIcDJNLTFmT18wMkN1WnZmT2h4bVJOcUpZdFdCb0hQcmg0Yi02eW5na3U4NHdsSC1XSVdwaXNfOUN4RmU5Nk1sc1lULWZ5a2JVODlpTExOYlY2YkUzVzFGOU4ydG5qbUQwVnI1TE9WVlVZV1VFSVlMdEdsalpSbzRERmNpONIBxwFBVV95cUxPdVg4TGl0M0pfTktJNEZUSXNIOHdrQUlhOXpja2hveU0xV0tKNXEweThyM0FBUmJ2MlpqR2lnNWF0bjY5ejY0Tmxhdjlzenl0MldpTG5vRmp0Q0RkaG9qeTBQTnMyVVRxTVY2V1VENHdaYnp3MzZxbWhIeDZDZFpFcFZfanktR3gyZ0kyT0F3d25HTHNOa2kyZ3JZdkdJSVNJMk5tb0RvY19sNmNtVHNyTEdWbVp4V1RtSG1wUlBra0lhSGJDRmk0?oc=5,"Summit County will keep Flock cameras, but changes to how the information is used are coming",news
2026-09-23,Monterey County,CA,Monterey County Sheriff's Office,Canceled,montereycountynow.com,https://news.google.com/rss/articles/CBMi9gFBVV95cUxPRl9xZWhjV3BzZzBtOEpyYS12Zmc0TkNtdnMteWl4bktjaGhhQTl0M1E5NDdnaXY2QjlGZ21HMWNyaVlUeW9qUDhHUnBlZU9OMDZidFNZemFTYldWUlYxaVdHSGl5VUZfVHhWTkZmNll0Wjl1OEh4cmZBbFBYUmtwVDZxWTBOM2t4dDhYWlg0eEYyRUJuMU42dEVHVDNLS3M2V3BIRlZ1aTVnV21MQU9Qazg1emZlMmhZRXdTVHJwTlUyRE1meW5hSl9UM0NqdVh2TVlmVGVqZUN5Y3VZN29LREtMblVKaEVtNTdJWHJTbnNYRElJX1HSAfsBQVVfeXFMT2M5V05HZGw4T0F3aW1FbExtNEhoUUdGWS1FTmh2WnBrYlJldGJiV0ZGLXZIZFVYN0EzZERzVVpSeUpTZXUxdUw0XzBsX1VzSkhFSXpPOHVKRFBHN05LVTM5RUo3NkIwbjBCNm1BQjlKT0lybXp1VGJXZ0hhbHZQR3A2aUlXWHRmb1MxQnM4a0hnSUpxNjJCaUQxbVFlWmZjS3N6Qmk2LU1NUU5wSU9pTG5iLThZNXlJbTJseHJHdW55Zk5FYlJiYmc5blJ3ZEU5bXA2bkhGQk9NSkJncHNURmM0aUdVcG9yTXQwNDJUbkkyeUVzR0hZaFBPLU0?oc=5,County supervisors vote to take down all sheriff's Flock cameras.,news
2026-09-23,Plymouth,MN,Plymouth city,Canceled,mprnews.org,https://news.google.com/rss/articles/CBMigAFBVV95cUxQc3ZBZ0JqMGxYNy1wYW5leEZZT2x1cEh4Vkh2ZjhxNXppNllXeTlKdURJMXFYU044V3ZSemZLN01mU2RlQWhfLTN0Y3VtNHBvU0poVXNLeXZwQm5uVjJmZF9IaWdURGl6N2F2NnR5RFRxSnpiLV95Ym02QklhRFJFaQ?oc=5,Plymouth is latest Minnesota city to ditch Flock cameras,news
2026-09-15,Carrollton,TX,City Council,Approved,carrolltontx.legistar.com,https://carrolltontx.legistar.com/MeetingDetail.aspx?LEGID=1931&GID=214&G=4D98DA1A-7C6F-40AC-8A55-2E218592F2F3,"Consider Authorizing The City Manager To Execute A Cooperative Agreement With Flock Safety For The Lease Of 82 IP Cameras And Supporting Software Services In An Annual Expenditure Amount Not To Exceed $398,258.34 For A Total Contract Amount Not To Exceed $1,194,775.02.",agenda
